{
  "agent": {
    "success_rate": 0.0
  },
  "rrt": {
    "success": true,
    "path": [
      [
        -4.0,
        -4.0,
        -4.0
      ],
      [
        -3.3146508438165876,
        -4.238262138809461,
        -4.336938699660081
      ],
      [
        -2.787392212841192,
        -3.862445291931369,
        -3.8670876236109137
      ],
      [
        -2.2204917942339457,
        -3.3048476398303768,
        -3.9548872463571993
      ],
      [
        -2.5382359585843277,
        -2.5765064107851554,
        -3.8623794083423895
      ],
      [
        -1.9903754605733774,
        -2.4700780967508424,
        -3.28921111831667
      ],
      [
        -1.5714768997260151,
        -2.017634602826749,
        -2.7794868001546194
      ],
      [
        -1.1525783388786528,
        -1.5651911089026558,
        -2.2697624819925686
      ],
      [
        -0.6193790115299417,
        -1.0127787832359956,
        -2.0449534524443007
      ],
      [
        -0.9532075041082948,
        -0.2940748656478084,
        -1.9353030243272304
      ],
      [
        -1.2158550622311877,
        0.3508140893757292,
        -2.3291741909550145
      ],
      [
        -1.5861276297224278,
        0.9867441447421936,
        -2.643007252382664
      ],
      [
        -1.4117633267246594,
        1.6136671741548443,
        -2.177642228952489
      ],
      [
        -1.1470859321626068,
        1.9515944226637636,
        -1.502548863911005
      ],
      [
        -1.0826752096524417,
        2.0378516566777742,
        -0.7098251110147196
      ],
      [
        -0.5180754467656008,
        2.2558133488363983,
        -0.1866427255128067
      ],
      [
        -0.5743554551019496,
        3.0121823895279545,
        0.067794761790058
      ],
      [
        0.024332446341478686,
        3.1414671506329896,
        0.5824385679426995
      ],
      [
        0.623020347784907,
        3.2707519117380253,
        1.0970823740953413
      ],
      [
        1.3720217446345426,
        3.405783083641079,
        0.8505798586278865
      ],
      [
        1.685397696045197,
        3.0967808961431045,
        1.518646592718826
      ],
      [
        2.2127240643294432,
        3.3025576073249785,
        2.083963182292597
      ],
      [
        2.7400504326136894,
        3.5083343185068525,
        2.6492797718663676
      ],
      [
        3.2673768008979356,
        3.714111029688727,
        3.2145963614401385
      ],
      [
        3.683094181436997,
        3.203473964230008,
        3.668940775841206
      ],
      [
        4.0,
        4.0,
        4.0
      ]
    ],
    "cost": 20.11895768857939,
    "iterations": 1907,
    "time": 5.002454755005601
  }
}